cluster_id,n_detections,centroid_lat,centroid_lon,lat_min,lat_max,lon_min,lon_max,avg_confidence,max_frp,avg_frp,first_date,last_date,province,regency,extent_lat_km,extent_lon_km
327,216,-1.8912978423990223,110.14536072794962,-1.921243969064895,-1.8436775679824888,110.10602266121373,110.19188815451183,1.0555555555555556,37.47999954223633,9.146620284352037,2026-08-17,2026-08-17,West Kalimantan,Ketapang,8.6199541522878,9.53703404439415
58,117,2.274173066960851,117.91590380471018,2.243734523838212,2.2976937593737987,117.8618054723339,117.95548326757168,1.0,12.289999961853027,5.87521367908543,2026-08-17,2026-08-17,East Kalimantan,Berau,5.996489845069772,10.402213972558599
318,113,-1.7322075764308202,110.09473816891098,-1.7559938102371604,-1.71552438358547,110.05829982705731,110.13369884078651,1.1061946902654867,27.020000457763672,14.720708199306927,2026-08-17,2026-08-17,West Kalimantan,Ketapang,4.497367383802342,8.37526336803678
243,103,-1.3832887264376552,110.1095914616195,-1.401886327034872,-1.3512995437202593,110.0834266453176,110.13157845690193,1.1650485436893203,49.13999938964844,18.081650328867642,2026-08-17,2026-08-17,West Kalimantan,Ketapang,5.6217092297529145,5.349551364868101
299,95,-1.37824366199099,114.29033296812943,-1.3985138748138977,-1.3580444481622076,114.25710869406454,114.33196987674948,1.0,13.199999809265137,2.750315754664572,2026-08-17,2026-08-17,Central Kalimantan,Kapuas,4.497367383802317,8.316916410710961
314,91,-1.6611945489047213,110.07072704186554,-1.6952896702596252,-1.6379579825030641,110.0544957881803,110.09160811468652,1.0,15.40999984741211,7.7349450784725144,2026-08-17,2026-08-17,West Kalimantan,Ketapang,6.37127046038663,4.122559500458757
256,90,-0.4407374440572319,116.3875867180209,-0.4609721573830769,-0.423875182952361,116.36922698504006,116.403210914856,1.0666666666666667,9.390000343322754,4.997777862019009,2026-08-17,2026-08-17,East Kalimantan,Kutai Kartanegara,4.122586768485459,3.7765223859157016
317,67,-1.7062627237547354,110.28221226518875,-1.7188968358064445,-1.6952896702596252,110.26372365700303,110.30064364292774,1.1343283582089552,20.780000686645508,9.20223900809217,2026-08-17,2026-08-17,West Kalimantan,Ketapang,2.6234643072180286,4.101098849036972
16,54,2.292135458491082,117.1650139513735,2.2572243327221084,2.3314182815835403,117.14655610934214,117.17975949485879,1.0,9.100000381469727,4.360740811736496,2026-08-17,2026-08-17,East Kalimantan,Berau,8.245173536970919,3.686939928573685
298,48,-1.3255845955353311,114.13578236933982,-1.3479270914992851,-1.307457664847595,114.11415459528706,114.14741823321442,1.0,33.97999954223633,12.779583387076855,2026-08-17,2026-08-17,Central Kalimantan,Kapuas,4.497367383802317,3.695598798096567
305,45,-1.5437541504638523,114.41070540857643,-1.5603915814206581,-1.516549702547994,114.40058183407595,114.42547205461601,1.0,6.139999866485596,2.8433333065774704,2026-08-17,2026-08-17,Central Kalimantan,Kapuas,4.872147999119174,2.765046252334588
324,43,-1.788855612111304,110.19090435783497,-1.8032081413307988,-1.7762285235630055,110.17798971873358,110.20417037626434,1.2093023255813953,25.690000534057617,9.709069767663646,2026-08-17,2026-08-17,West Kalimantan,Ketapang,2.9982449225348615,2.90803855083104
36,42,1.9518568137610421,117.29021662173297,1.940213823950536,1.9671934417183297,117.26964142846182,117.30432414725712,1.0,8.550000190734863,4.671904803741546,2026-08-17,2026-08-17,East Kalimantan,Berau,2.998244922534911,3.852054275590078
46,40,1.3886492632102097,109.1559284457403,1.380386755268823,1.397249016373694,109.14403794685781,109.16765206616518,1.0,27.479999542236328,20.793750095367432,2026-08-17,2026-08-17,West Kalimantan,Sambas,1.873903076584313,2.623466367403291
230,40,-0.9101827932168371,110.47060464665556,-0.9364879205404356,-0.8960184938887457,110.45782976078226,110.48818562693482,1.0,12.210000038146973,5.087749962508679,2026-08-17,2026-08-17,West Kalimantan,Ketapang,4.497367383802304,3.3730217612633977
296,40,-1.3221278320088328,114.26372681693871,-1.3378097348363627,-1.2973403081846724,114.25044970481038,114.2791358629418,1.0,16.950000762939453,6.260750210285186,2026-08-17,2026-08-17,Central Kalimantan,Kapuas,4.497367383802342,3.1870440495022967
295,39,-1.2721766262281728,114.21507310672715,-1.2804780470798016,-1.2602433337539565,114.18852495732246,114.23222870918906,1.0,6.53000020980835,3.609230793439425,2026-08-17,2026-08-17,Central Kalimantan,Kapuas,2.248683691901171,4.855600786149488
27,38,2.149128364165621,117.13641731000511,2.1358160527670385,2.166168122755806,117.12682322291711,117.14629531826385,1.0,75.62000274658203,19.877895229741146,2026-08-17,2026-08-17,East Kalimantan,Berau,3.3730255378517193,2.1624118581704135
12,38,2.574856082692282,117.50040499053257,2.5573725803888103,2.591097102598552,117.47058735634444,117.51598151621077,1.0,46.68000030517578,23.525789380073547,2026-08-17,2026-08-17,North Kalimantan,Bulungan,3.7478061531685767,5.03955980783121
11,36,2.560463994924703,117.42841629457581,2.5303929626210167,2.5978420070405006,117.41929854312777,117.44047639278293,1.0,13.8100004196167,8.00416668256124,2026-08-17,2026-08-17,East Kalimantan,Berau,7.495612306337252,2.3511447832143775
246,34,-1.4505885046965872,110.17818648213941,-1.462590467012407,-1.438983301465588,110.16512057789183,110.19325857426625,1.0,9.569999694824219,6.563823338817148,2026-08-17,2026-08-17,West Kalimantan,Ketapang,2.6234643072180037,3.1259734291840804
53,33,2.4176713020230016,117.88280543882159,2.4089846826659467,2.4258469437708174,117.87006954078512,117.89487028866962,1.0,37.529998779296875,18.83363590818463,2026-08-17,2026-08-17,North Kalimantan,Bulungan,1.8739030765842883,2.753653811032432
15,33,2.326819483100394,117.11410123865478,2.3111835682576958,2.341535638246463,117.10206596332691,117.12427476265344,1.0,6.170000076293945,5.234545534307307,2026-08-17,2026-08-17,East Kalimantan,Berau,3.3730255378517193,2.4660289515544567
211,32,-1.2538145967077245,113.63574411248413,-1.2636157859749306,-1.2433810726490857,113.61741194996905,113.65862386618208,1.0,38.939998626708984,16.857187109068036,2026-08-17,2026-08-17,Central Kalimantan,Gunung Mas,2.248683691901146,4.578783699423653
131,31,-0.21554466672121436,109.57611398688621,-0.22490050191488464,-0.20466578858903958,109.56797305909241,109.58486019175973,1.0,115.9800033569336,54.158064565350934,2026-08-17,2026-08-17,West Kalimantan,Kubu Raya,2.2486836919011615,1.8766537736880295
309,30,-1.5997368573320234,114.78739609078534,-1.6076059125142965,-1.5907436514094258,114.77819742873247,114.7958215747263,1.3,24.950000762939453,18.66266721089681,2026-08-17,2026-08-17,Central Kalimantan,Barito Selatan,1.8739030765842883,1.9578079779238515
59,30,2.2738617636789145,117.82196339796856,2.2572243327221084,2.2909488549318504,117.81062888952233,117.83708122992671,1.0,8.59000015258789,5.021000011761983,2026-08-17,2026-08-17,East Kalimantan,Berau,3.747806153168626,2.937333907470156
60,28,2.2683052471624525,118.00200399823369,2.2572243327221084,2.280831498268928,117.99598430793259,118.00948465471956,1.0,10.149999618530273,6.787499793938228,2026-08-17,2026-08-17,East Kalimantan,Berau,2.623464307218053,1.4991179718068208
321,28,-1.7603298202355557,110.04621221827914,-1.7762285235630055,-1.7458764535742377,110.03644336274336,110.05510595372316,1.0,61.099998474121094,34.52821377345494,2026-08-17,2026-08-17,West Kalimantan,Ketapang,3.3730255378517686,2.0729949627186843
194,27,-0.5078117715632738,110.68144022846374,-0.5250487495815863,-0.49132422737184445,110.67112645702272,110.69107209247272,1.0,12.510000228881836,6.1711111598544655,2026-08-17,2026-08-17,West Kalimantan,Sekadau,3.747806153168614,2.2164714099733986
24,26,2.1852354487743906,116.93489969196119,2.166168122755806,2.1998926449655474,116.91966874691117,116.9479850225628,1.0,47.400001525878906,10.377692442673903,2026-08-17,2026-08-17,East Kalimantan,Berau,3.7478061531685767,3.14449929169427
315,26,-1.6523557592926077,110.28675040907738,-1.6581926958289093,-1.6447028869450124,110.27735669819796,110.29460107354151,1.0,15.640000343322754,11.025769362082848,2026-08-17,2026-08-17,West Kalimantan,Ketapang,1.4991224612674554,1.9155705746610998
113,26,0.5237838911413824,109.0107397760668,0.517038986699434,0.5305287955833307,109.00173064728158,109.01877016014951,1.0,6.929999828338623,3.7369230068646946,2026-08-17,2026-08-17,West Kalimantan,Mempawah,1.4991224612674308,1.8935219398762229
322,25,-1.7632783070344646,110.14314288141115,-1.7728560713420312,-1.7559938102371604,110.13488439743227,110.14937914325576,1.0,18.15999984741211,11.610400047302246,2026-08-17,2026-08-17,West Kalimantan,Ketapang,1.8739030765842883,1.6100383676005778
208,25,-0.8446223220410991,113.99194673661917,-0.8555490672370555,-0.8353143539112104,113.98371466397741,113.9978000033623,1.0,23.3700008392334,10.934800033569337,2026-08-17,2026-08-17,Central Kalimantan,Kapuas,2.2486836919011584,1.5651336907900542
204,25,-0.7531614178082795,114.17679879707099,-0.7611204050497785,-0.7442581439449076,114.16698173012969,114.18712989788263,1.0,20.68000030517578,13.868000411987305,2026-08-17,2026-08-17,Central Kalimantan,Murung Raya,1.8739030765843008,2.2388724356118446
140,24,-0.5469696890179184,110.47603024043876,-0.5520283673493797,-0.5419110106864571,110.46250865586283,110.48955158212038,1.0,56.34000015258789,28.264999955892563,2026-08-17,2026-08-17,West Kalimantan,Ketapang,1.1243418459505854,3.0051434541703834
241,23,-1.3086306917070643,110.0780049621833,-1.3209474737314917,-1.2939678559636985,110.06064355519017,110.09218653873754,1.0,5.559999942779541,2.2182608765104543,2026-08-17,2026-08-17,West Kalimantan,Kayong Utara,2.9982449225348615,3.5044574922976794
332,22,-1.95527507784018,110.60360896225603,-1.958340943495611,-1.9515960390536626,110.59247647120527,110.6165418239474,1.0,9.079999923706055,7.111818226900968,2026-08-17,2026-08-17,West Kalimantan,Ketapang,0.7495612306337154,2.6728255310064544
231,22,-0.9369478003887504,109.89658437881758,-0.9466052772033582,-0.9263705638775132,109.89180760688609,109.90245404420821,1.0,2.619999885559082,1.8159090497277,2026-08-17,2026-08-17,West Kalimantan,Kayong Utara,2.2486836919011584,1.1829803887175425
254,22,-0.37405486605160615,115.9000484975446,-0.3800333040796967,-0.3665434951958,115.89298638141601,115.9065661771627,1.2727272727272727,16.079999923706055,14.396363583478061,2026-08-17,2026-08-17,East Kalimantan,Kutai Barat,1.499122461267443,1.5090905411577462
286,22,-1.4903365511940583,110.64301557000272,-1.496314989222149,-1.4828251803382522,110.63636708155433,110.65037008576417,1.4090909090909092,12.819999694824219,10.00954539125616,2026-08-17,2026-08-17,West Kalimantan,Ketapang,1.4991224612674554,1.5556274510376396
216,22,-1.2884492977839224,113.60130189484062,-1.2939678559636985,-1.2838504993007758,113.59205038060763,113.60936824369715,1.0,49.04999923706055,30.68499972603538,2026-08-17,2026-08-17,Central Kalimantan,Gunung Mas,1.1243418459505976,1.9240475311707637
244,21,-1.3835787292638693,110.27381966338446,-1.3883965181509752,-1.3782791614880527,110.26360967408934,110.2840070285643,1.0,15.720000267028809,11.502857344491142,2026-08-17,2026-08-17,West Kalimantan,Ketapang,1.124341845950573,2.2660971320287544
245,21,-1.3855058448187116,110.37752218319346,-1.3917689703719494,-1.3782791614880527,110.36834297353505,110.38536744571174,1.0,11.390000343322754,8.305714334760394,2026-08-17,2026-08-17,West Kalimantan,Ketapang,1.4991224612674308,1.8913764654691914
227,21,-0.8733748861193475,110.20725898583403,-0.8825286850048489,-0.8656664238999779,110.19691488557808,110.21764680506462,1.0,4.360000133514404,3.2771428653172086,2026-08-17,2026-08-17,West Kalimantan,Kayong Utara,1.873903076584313,2.303670549405582
278,21,-0.7360679028368275,117.05163779856896,-0.7442581439449076,-0.7273958828400369,117.03673888422995,117.0637207372686,1.0,1.2300000190734863,1.114285715988704,2026-08-17,2026-08-17,East Kalimantan,Kutai Kartanegara,1.8739030765842883,2.9982458951890503
69,21,0.3628697423120431,111.98217388883263,0.35516128009267356,0.3720235411975445,111.97051600833454,111.9943327913801,1.0,6.809999942779541,4.148571457181658,2026-08-17,2026-08-17,West Kalimantan,Kapuas Hulu,1.873903076584307,2.6467060188385885
26,20,2.1818500255833357,117.28676796528103,2.16954057497678,2.1965201927445737,117.27973389069446,117.29196385774706,1.0,5.579999923706055,3.667499977350235,2026-08-17,2026-08-17,East Kalimantan,Berau,2.998244922534911,1.3581309154918164
133,19,-0.3516337064293879,109.50143719503446,-0.35642613853287747,-0.34630878186995495,109.49498495820865,109.50859360041414,1.0,41.40999984741211,34.74684203298468,2026-08-17,2026-08-17,West Kalimantan,Kubu Raya,1.1243418459505792,1.5122999276084408
276,19,-0.6737916422750788,117.28666744840389,-0.6801815517463984,-0.6666917428625015,117.28125229079885,117.2916143963503,1.0,16.3799991607666,13.763157242222837,2026-08-17,2026-08-17,East Kalimantan,Kutai Kartanegara,1.4991224612674554,1.151461164776044
19,19,2.2346821520871756,117.25004598613917,2.226872262733341,2.243734523838212,117.2336135398844,117.25858555319716,1.3157894736842106,15.850000381469727,7.418947433170519,2026-08-17,2026-08-17,East Kalimantan,Berau,1.8739030765842883,2.773029335942573
213,19,-1.2774605898294564,113.99460946606499,-1.2838504993007758,-1.2703606904168792,113.98950135863153,114.0002195643798,1.0,14.890000343322754,10.233158111572266,2026-08-17,2026-08-17,Central Kalimantan,Gunung Mas,1.4991224612674308,1.1908181615485
31,19,2.033045008769983,117.30198609163087,2.0245251294748905,2.0413873905797613,117.29586181760398,117.30721096531916,1.0,1.5199999809265137,1.2773684012262445,2026-08-17,2026-08-17,East Kalimantan,Berau,1.8739030765842883,1.260436882078555
120,19,0.16452898086497544,116.63880662698875,0.14606924239227467,0.17642131238104228,116.63295754715912,116.6431365489346,1.0,8.34000015258789,3.9615790404771505,2026-08-17,2026-08-17,East Kalimantan,Kutai Timur,3.3730255378517437,1.13118780344676
247,19,-1.4544255826879433,110.25322757945025,-1.4592180147914329,-1.4491006581285104,110.24657571160779,110.26056408567419,1.0,6.769999980926514,4.782631572924163,2026-08-17,2026-08-17,West Kalimantan,Ketapang,1.124341845950573,1.5540271884808703
236,18,-1.0174267738438159,110.01451143800261,-1.0207992260647902,-1.0140543216228417,110.00596404996506,110.02305897079967,1.0,16.889999389648438,9.574999690055847,2026-08-17,2026-08-17,West Kalimantan,Kayong Utara,0.74956123063374,1.8994590377068992
146,18,0.006674550592008766,112.78506131609727,0.0010537968903851403,0.011171153553307667,112.77775369045412,112.7912453066698,1.0,49.81999969482422,33.106110996670196,2026-08-17,2026-08-17,West Kalimantan,Sintang,1.1243418459505803,1.4993232998745196
183,18,-0.0900024130759176,110.70383271562962,-0.10011976973884013,-0.07988505641299508,110.7004303840231,110.70723671111556,1.0,24.030000686645508,13.175000309944153,2026-08-17,2026-08-17,West Kalimantan,Sanggau,2.24868369190116,0.7563861965802955
162,18,-0.057402041606500566,112.11737179353314,-0.06639524752909837,-0.04616053420325332,112.1066894413525,112.13366278340386,1.0,7.920000076293945,5.859999974568685,2026-08-17,2026-08-17,West Kalimantan,Sintang,2.24868369190116,2.997545997829884
61,18,2.2190032075510677,117.87142350569674,2.2100100016284703,2.226872262733341,117.85664505907512,117.88498873560698,1.0,5.150000095367432,4.170000076293945,2026-08-17,2026-08-17,East Kalimantan,Berau,1.8739030765842883,3.147470806059824
279,18,-0.9100703781428047,111.2831815895658,-0.9196256594355648,-0.8993909461097197,111.27754193437666,111.29082622867628,1.0,13.130000114440918,8.911666711171469,2026-08-17,2026-08-17,West Kalimantan,Melawi,2.248683691901171,1.4760974016380224
287,18,-1.5643261090117948,110.80907029378854,-1.573881390304555,-1.557019129199684,110.78915458167762,110.82253485418178,1.0,0.9800000190734863,0.8483333587646484,2026-08-17,2026-08-17,West Kalimantan,Ketapang,1.873903076584313,3.708167156643899
319,18,-1.7335107954306659,110.24153605818809,-1.7391315491322894,-1.729014192469367,110.23452636439463,110.24841485370435,1.0,9.65999984741211,6.008333285649617,2026-08-17,2026-08-17,West Kalimantan,Ketapang,1.124341845950573,1.5427214489602408
149,18,-0.14564787472199148,112.42401045247568,-0.15745145749540113,-0.13384429194858188,112.41054492411882,112.43747416466476,1.0,78.54000091552734,60.329999923706055,2026-08-17,2026-08-17,West Kalimantan,Sintang,2.6234643072180224,2.9926368327217867
249,18,-1.5851228977078022,110.07807334140644,-1.5907436514094258,-1.5806262947465033,110.07108693304187,110.08494023982463,1.0,10.699999809265137,8.490000009536743,2026-08-17,2026-08-17,West Kalimantan,Ketapang,1.124341845950573,1.5389288574543327
51,18,2.4595714659805594,117.61878449873547,2.452826561538611,2.4663163704225077,117.61368947786026,117.62470766489103,1.0,60.970001220703125,38.14666748046875,2026-08-17,2026-08-17,East Kalimantan,Berau,1.4991224612674308,1.223323100592527
274,17,-0.19514357055334777,116.69126867539252,-0.2012933363680654,-0.18780352748416868,116.68705231487294,116.6972630191816,1.0,8.359999656677246,5.53470570900861,2026-08-17,2026-08-17,East Kalimantan,Kutai Kartanegara,1.499122461267443,1.1347089883982442
255,17,-0.38241385858861965,116.09506321395727,-0.386778208521645,-0.37666085185872256,116.08868260313805,116.10226416981239,1.0,16.31999969482422,10.31823517294491,2026-08-17,2026-08-17,East Kalimantan,Kutai Barat,1.124341845950573,1.5092858865430443
10,16,2.626507850918781,117.45057633204202,2.6214491725873197,2.631566529250242,117.44398269111079,117.4571695552321,1.0,7.119999885559082,6.353749930858612,2026-08-17,2026-08-17,North Kalimantan,Bulungan,1.124341845950573,1.463916712479938
112,16,0.5737383396645623,108.97782659407947,0.5676257700140467,0.5811155788979433,108.97222997278315,108.98260505738124,1.0,4.110000133514404,2.463125064969063,2026-08-17,2026-08-17,West Kalimantan,Bengkayang,1.4991224612674308,1.1529253455315134
292,16,-1.2012254198869083,114.83995246015758,-1.2062840982183698,-1.196166741555447,114.83299372735905,114.84691171102453,1.0,4.079999923706055,3.524374932050705,2026-08-17,2026-08-17,Central Kalimantan,Barito Utara,1.1243418459505976,1.5463656135275705
242,16,-1.3158887954000305,110.50182410587601,-1.3209474737314917,-1.310830117068569,110.49654018726484,110.50710842825418,1.0,8.039999961853027,6.102499984204769,2026-08-17,2026-08-17,West Kalimantan,Ketapang,1.1243418459505976,1.1741388948701634
195,16,-0.5149313929186637,110.85150156122953,-0.5216762973606122,-0.5081864884767153,110.84632580853648,110.85667813885857,1.0,29.450000762939453,26.488125562667847,2026-08-17,2026-08-17,West Kalimantan,Sekadau,1.4991224612674554,1.1504080075403398
130,16,-0.17030893158786514,109.31978685980675,-0.17768617082124616,-0.16419636193734946,109.31469380276945,109.32486822837072,1.0,4.360000133514404,4.360000133514404,2026-08-17,2026-08-17,West Kalimantan,Kubu Raya,1.4991224612674399,1.1306789220110316
291,15,-1.152324862682783,114.05537189370447,-1.155697314903757,-1.1489524104618087,114.0484906627398,114.06225327246696,1.0,10.710000038146973,10.710000038146973,2026-08-17,2026-08-17,Central Kalimantan,Kapuas,0.7495612306337154,1.5291295103237577
179,15,-0.6633192906415275,112.07030414392382,-0.6700641950834758,-0.6565743861995791,112.06677911500167,112.07382995879306,1.0,26.709999084472656,26.709999084472656,2026-08-17,2026-08-17,West Kalimantan,Melawi,1.499122461267443,0.7835077610772404
94,15,0.18923663082074416,110.69553073066244,0.1865386690439648,0.19328357348591316,110.68404713155746,110.70432514847228,1.0,14.640000343322754,11.584000205993652,2026-08-17,2026-08-17,West Kalimantan,Sanggau,0.7495612306337215,2.2534837286207434
178,15,-0.6059876028849664,112.13314211886434,-0.6127325073269148,-0.5992426984430181,112.12963025178198,112.1366547715001,1.0,12.640000343322754,12.640000343322754,2026-08-17,2026-08-17,West Kalimantan,Melawi,1.4991224612674308,0.7805912150302016
106,15,0.2054244014814202,110.47372977796282,0.2000284779278615,0.210145834590784,110.46831967657636,110.47848403284013,1.0,10.279999732971191,8.00399990081787,2026-08-17,2026-08-17,West Kalimantan,Sanggau,1.1243418459505792,1.1295576515443675
20,15,2.2322681862869,117.4918946505759,2.226872262733341,2.2369896193962635,117.4867386159424,117.49767224939518,1.0,19.360000610351562,17.152000427246094,2026-08-17,2026-08-17,East Kalimantan,Berau,1.124341845950573,1.214132627336407
57,15,2.306911795444462,117.99141372585856,2.301066211594773,2.3145560204786695,117.985808033791,117.99621327468608,1.0,86.94999694824219,48.431331634521484,2026-08-17,2026-08-17,East Kalimantan,Berau,1.4991224612674308,1.155397265509986
223,15,-1.516549702547994,113.97105394496992,-1.5232946069899422,-1.5098047981060456,113.96732550857217,113.97478319321957,1.0,1.1399999856948853,0.9539999842643738,2026-08-17,2026-08-17,Central Kalimantan,Gunung Mas,1.4991224612674308,0.8284821942136666
219,15,-1.3749067092670786,113.94032905727836,-1.3782791614880527,-1.3715342570461044,113.93342131959629,113.9472369457587,1.0,42.310001373291016,28.754000854492187,2026-08-17,2026-08-17,Central Kalimantan,Gunung Mas,0.7495612306337154,1.5348885049161487
99,15,1.065399717829835,117.13497707892482,1.0600037942762763,1.0701211509391988,117.12465314340092,117.14864892669381,1.0,1.909999966621399,1.7240000009536742,2026-08-17,2026-08-17,East Kalimantan,Kutai Timur,1.124341845950573,2.6661903944718945
144,15,-0.6633192906415274,110.06693300966019,-0.6666917428625015,-0.6599468384205532,110.06011271474998,110.07375344090855,1.0,15.380000114440918,15.380000114440918,2026-08-17,2026-08-17,West Kalimantan,Ketapang,0.7495612306337154,1.5157923119811507
132,15,-0.30921180743923904,109.63959734228463,-0.31595671188118735,-0.3024669029972907,109.63615556698838,109.64303988161325,1.0,10.550000190734863,9.826000022888184,2026-08-17,2026-08-17,West Kalimantan,Kubu Raya,1.499122461267437,0.7650427431674991
89,15,0.46645220338482135,110.70061894593523,0.46307975116384714,0.46982465560579556,110.69382083732347,110.70741718887093,1.0,21.389999389648438,18.07799949645996,2026-08-17,2026-08-17,West Kalimantan,Sanggau,0.7495612306337277,1.510912475999946
188,15,-0.24243725346395034,110.62172331219395,-0.24513521524072968,-0.23839031079878134,110.61025126304598,110.63051382503406,1.0,19.790000915527344,13.232000160217286,2026-08-17,2026-08-17,West Kalimantan,Sekadau,0.7495612306337185,2.251758355687013
259,15,-0.8420592583531588,111.66004093368495,-0.8488041627951071,-0.8353143539112104,111.65647531221715,111.66360734086126,1.0,7.900000095367432,7.900000095367432,2026-08-17,2026-08-17,West Kalimantan,Melawi,1.4991224612674308,0.7924967485686055
271,15,0.08266714063796018,116.76748644067428,0.075247745751817,0.09211000685668788,116.76074902011227,116.77422880558663,1.0,10.020000457763672,8.26400032043457,2026-08-17,2026-08-17,East Kalimantan,Kutai Kartanegara,1.8739030765843008,1.4980070005549333
96,14,0.16124527738665848,110.7429171960416,0.15618659905519722,0.16630395571811976,110.73784916161557,110.74798490279616,1.0,49.25,49.25,2026-08-17,2026-08-17,West Kalimantan,Sanggau,1.1243418459505823,1.1263804568811397
21,14,2.2345807249527105,117.5536495577925,2.230244714954315,2.2403620716172377,117.54775788531617,117.55869318562594,1.0,4.610000133514404,3.7300000190734863,2026-08-17,2026-08-17,East Kalimantan,Berau,1.124341845950573,1.2143158131156224
285,14,-1.2580753287547588,110.71930427527943,-1.2636157859749306,-1.2534984293120082,110.71332742694806,110.72387674673581,1.0,4.130000114440918,4.130000114440918,2026-08-17,2026-08-17,West Kalimantan,Ketapang,1.124341845950573,1.1720633052827252
71,14,0.342635028986198,112.00866925288325,0.3382990189878027,0.34841637565072525,112.0040416974746,112.01423786578475,1.0,11.15999984741211,9.656428405216761,2026-08-17,2026-08-17,West Kalimantan,Kapuas Hulu,1.1243418459505854,1.133079923567665
29,14,2.0958284050040588,117.08151608794583,2.0886017216734,2.1020915305572965,117.07784258233033,117.0856005537653,1.0,49.0,30.358572142464773,2026-08-17,2026-08-17,East Kalimantan,Berau,1.4991224612674308,0.8615666425985467
17,14,2.3150377993673805,116.98401120038288,2.307811116036721,2.321300924920618,116.98028114853322,116.98814480795815,1.0,12.819999694824219,11.734285627092634,2026-08-17,2026-08-17,East Kalimantan,Berau,1.4991224612674308,0.8731752283677522
226,14,-1.6092921386247838,113.30904232589407,-1.6143508169562448,-1.6042334602933226,113.30442377623379,113.31491947810916,1.0,23.670000076293945,17.681428364345006,2026-08-17,2026-08-17,Central Kalimantan,Katingan,1.1243418459505483,1.16592729545549
210,14,-1.2248325854337276,113.99933526263591,-1.229891263765189,-1.2197739071022664,113.99406046486232,114.0046105285744,1.0,48.380001068115234,31.462143540382385,2026-08-17,2026-08-17,Central Kalimantan,Kapuas,1.1243418459505976,1.172160695531399
238,14,-1.0696997832689157,110.57963753601537,-1.074758461600377,-1.0646411049374545,110.57439590520701,110.58487961926586,1.0,7.730000019073486,6.183571474892752,2026-08-17,2026-08-17,West Kalimantan,Ketapang,1.124341845950573,1.164852102978042
214,13,-1.2776244336620541,113.52508716938327,-1.2804780470798016,-1.2737331426378533,113.51753909946828,113.53118143214587,1.0,31.670000076293945,26.257692337036133,2026-08-17,2026-08-17,Central Kalimantan,Gunung Mas,0.7495612306337154,1.515695524408063
114,13,0.35360476368299315,109.01487588507308,0.34841637565072525,0.3585337323136477,109.00944606998209,109.01956362102429,1.0,1.2400000095367432,1.2400000095367432,2026-08-17,2026-08-17,West Kalimantan,Mempawah,1.124341845950573,1.1243420348730024
250,13,-1.6283594646433683,110.31579177938153,-1.6312130780611158,-1.6244681736191675,110.309609887122,110.3234742048283,1.0,1.9800000190734863,1.8884615164536696,2026-08-17,2026-08-17,West Kalimantan,Ketapang,0.7495612306337154,1.5401194326011611
159,12,0.022974736326717284,112.1673487624383,0.01791605799525602,0.028033414658178546,112.16397253327536,112.17072538044911,1.0,29.469999313354492,29.469999313354492,2026-08-17,2026-08-17,West Kalimantan,Sintang,1.1243418459505803,0.7504438460881778
268,12,-1.3883965181509754,113.11616936564837,-1.3917689703719494,-1.385024065930001,113.11094790398451,113.12139097253534,1.0,7.920000076293945,7.920000076293945,2026-08-17,2026-08-17,Central Kalimantan,Katingan,0.7495612306337154,1.1601974940661208
170,12,-0.23670408468829426,111.62869999030568,-0.2417627630197555,-0.23164540635683298,111.6252869868888,111.63211338293877,1.0,5.730000019073486,5.730000019073486,2026-08-17,2026-08-17,West Kalimantan,Melawi,1.1243418459505792,0.7586109192463126
4,12,3.980547417639912,117.29143976863791,3.977174965418938,3.9839198698608866,117.28588853994394,117.2969911756368,1.0,5.739999771118164,5.739999771118164,2026-08-17,2026-08-17,North Kalimantan,Nunukan,0.7495612306337647,1.2308594924581215
142,12,-0.6093600551059406,110.11131240688995,-0.6127325073269148,-0.6059876028849664,110.10618457689318,110.11644037041144,1.0,5.46999979019165,4.362499833106995,2026-08-17,2026-08-17,West Kalimantan,Ketapang,0.7495612306337154,1.1396618768165996
221,12,-1.423807266471204,113.85499389102529,-1.4288659448026653,-1.4187485881397428,113.851370749144,113.85861744265598,1.0,9.0600004196167,7.375000298023224,2026-08-17,2026-08-17,Central Kalimantan,Gunung Mas,1.124341845950573,0.8050764071180216
82,12,0.8188734604766227,110.67115638179104,0.8138147821451615,0.823932138808084,110.66764412095611,110.6746690347205,1.0,6.570000171661377,6.407500147819519,2026-08-17,2026-08-17,West Kalimantan,Sanggau,1.1243418459505854,0.7805989363629552
225,12,-1.5806262947465033,113.3048129532582,-1.5839987469674774,-1.577253842525529,113.2995683932384,113.31005766076608,1.0,7.860000133514404,7.860000133514404,2026-08-17,2026-08-17,Central Kalimantan,Katingan,0.74956123063374,1.165228761080381
237,12,-1.0680135571584286,109.98929504583577,-1.0713860093794028,-1.0646411049374545,109.98411486574983,109.99447536413477,1.0,5.199999809265137,5.199999809265137,2026-08-17,2026-08-17,West Kalimantan,Kayong Utara,0.7495612306337154,1.151162163568295
235,12,-0.9668399905292032,109.91501429682363,-0.9702124427501774,-0.9634675383082291,109.90984578410773,109.9201829465984,1.0,10.15999984741211,9.230000019073486,2026-08-17,2026-08-17,West Kalimantan,Kayong Utara,0.7495612306337154,1.1486053154214726
257,12,-0.47277574015648655,116.23341543267419,-0.47783441848794783,-0.4677170618250252,116.22827210498141,116.23855916885101,1.0,11.75,9.416666706403097,2026-08-17,2026-08-17,East Kalimantan,Kutai Barat,1.1243418459505916,1.1431624893911858
70,12,0.3585337323136477,112.20494720438369,0.35516128009267356,0.3619061845346219,112.19984716529122,112.2100473767926,1.0,4.650000095367432,3.8399999737739563,2026-08-17,2026-08-17,West Kalimantan,Kapuas Hulu,0.7495612306337215,1.1335273107479922
47,12,1.3399173286171326,109.13668149671479,1.3365448763961585,1.343289780838107,109.13147124996779,109.14189188356899,1.0,10.1899995803833,10.1899995803833,2026-08-17,2026-08-17,West Kalimantan,Sambas,0.74956123063374,1.1577283570691574
198,12,-0.7223372045085755,110.81704804136531,-0.7273958828400369,-0.7172785261771142,110.81355216057362,110.82054431371853,1.0,32.66999816894531,26.437498569488525,2026-08-17,2026-08-17,West Kalimantan,Ketapang,1.1243418459505976,0.7769762283906794
206,12,-0.8943322677782585,109.68845964647456,-0.8993909461097197,-0.8892735894467972,109.68493580070026,109.69198388175207,1.0,7.139999866485596,7.139999866485596,2026-08-17,2026-08-17,West Kalimantan,Kubu Raya,1.124341845950573,0.7831578324471169
196,12,-0.5924977940010697,110.90354116490535,-0.5958702462220439,-0.5891253417800956,110.89841477630313,110.90866768777052,1.0,21.329999923706055,18.557499885559082,2026-08-17,2026-08-17,West Kalimantan,Ketapang,0.7495612306337154,1.1393451295514234
200,12,-0.346308781869955,114.06305506495936,-0.34968123409092916,-0.3429363296489808,114.05795578166735,114.06815448358607,1.0,0.8500000238418579,0.7850000113248825,2026-08-17,2026-08-17,Central Kalimantan,Murung Raya,0.7495612306337215,1.1333610415445292
186,12,-0.1844310752631945,111.0600644499304,-0.18780352748416868,-0.18105862304222034,111.05498476812956,111.0651442619084,1.0,20.15999984741211,17.962499856948853,2026-08-17,2026-08-17,West Kalimantan,Sekadau,0.7495612306337185,1.1290186944499672
161,12,0.0027400230008722275,111.92452331236025,-0.0023186553305890355,0.007798701332333491,111.92115050872968,111.92789643107187,1.0,5.789999961853027,5.789999961853027,2026-08-17,2026-08-17,West Kalimantan,Sintang,1.1243418459505803,0.7496743490303973
100,12,0.7750315816039585,110.4507489542313,0.7699729032724972,0.7800902599354197,110.4472444701664,110.45425382915461,1.0,4.96999979019165,4.219999969005585,2026-08-17,2026-08-17,West Kalimantan,Sanggau,1.124341845950573,0.7788788009608505
190,12,-0.3007806768868036,110.67486841745098,-0.30583935521826483,-0.2957219985553423,110.67144481471209,110.67829240677547,1.0,10.430000305175781,10.430000305175781,2026-08-17,2026-08-17,West Kalimantan,Sekadau,1.1243418459505792,0.7609624204151537
150,12,-0.25019389357219096,112.43483543028547,-0.2552525719036522,-0.24513521524072968,112.4314197936648,112.43825145905711,1.0,3.700000047683716,3.700000047683716,2026-08-17,2026-08-17,West Kalimantan,Sintang,1.1243418459505792,0.7591957367679069
294,11,-1.2599367471884133,114.29141094384148,-1.2636157859749306,-1.2568708815329823,114.28575659070613,114.29617237833764,1.0,6.090000152587891,5.680909200148149,2026-08-17,2026-08-17,Central Kalimantan,Kapuas,0.7495612306337154,1.1572266276578966
261,11,-0.9208520056977373,112.06408358102307,-0.9263705638775132,-0.9162532072145906,112.06025963607155,112.06732363537252,1.0,9.739999771118164,9.739999771118164,2026-08-17,2026-08-17,Central Kalimantan,Seruyan,1.1243418459505854,0.7849208565405044
258,11,-0.6519755877164325,116.15404675258524,-0.6565743861995791,-0.6464570295366565,116.15085369015287,116.15783226954127,1.0,0.8899999856948853,0.7836363532326438,2026-08-17,2026-08-17,East Kalimantan,Kutai Barat,1.1243418459505854,0.7754793184922988
38,11,2.966665645388858,117.19053876188381,2.962066846905711,2.972184203568634,117.18698147210753,117.19445008282882,1.0,6.949999809265137,6.386363462968306,2026-08-17,2026-08-17,North Kalimantan,Bulungan,1.1243418459506225,0.8288743733041616
166,11,-0.10809102044296091,112.19482558136201,-0.11360957862273684,-0.1034922219598143,112.19112968748354,112.19791213827679,1.0,3.7200000286102295,3.574545448476618,2026-08-17,2026-08-17,West Kalimantan,Sintang,1.1243418459505807,0.7537324153668891
167,11,-0.11054371296730575,111.67057064173311,-0.11360957862273684,-0.10686467418078847,111.66505080061924,111.67518101640508,1.8181818181818181,7.349999904632568,7.349999904632568,2026-08-17,2026-08-17,West Kalimantan,Sintang,0.7495612306337215,1.1257687849968079
177,11,-0.498375718379336,112.06243412240042,-0.501441584034767,-0.4946966795928186,112.05691001963919,112.06708529555375,1.0,15.65999984741211,15.65999984741211,2026-08-17,2026-08-17,West Kalimantan,Melawi,0.7495612306337277,1.130735635096177
173,11,-0.2684357942220058,111.5897288854943,-0.27211483300852307,-0.26536992856657476,111.58510210080696,111.59525018223243,1.5454545454545454,11.710000038146973,10.057272737676447,2026-08-17,2026-08-17,West Kalimantan,Melawi,0.7495612306337154,1.127743911679576
151,11,-0.2684357942220058,112.92186213439999,-0.27211483300852307,-0.26536992856657476,112.91723501620677,112.92738346310408,1.0,70.87000274658203,63.67909310080788,2026-08-17,2026-08-17,West Kalimantan,Sintang,0.7495612306337154,1.1277845261187542
153,11,-0.4453362425403785,112.83880030273795,-0.45085480072015444,-0.44073744405723186,112.83505089839642,112.84195104003238,1.0,10.180000305175781,10.180000305175781,2026-08-17,2026-08-17,West Kalimantan,Sintang,1.1243418459505854,0.7667895773705155
18,11,2.292175201194023,117.20145245423838,2.2875764027108763,2.2976937593737987,117.19800775048887,117.20531001490095,1.0,3.880000114440918,3.089091019196944,2026-08-17,2026-08-17,East Kalimantan,Berau,1.124341845950573,0.8108513352919444
9,11,2.991192570632306,116.41704116788229,2.9856740124525305,2.995791369115453,116.41312911281696,116.42059964065744,1.0,7.730000019073486,6.402727257121693,2026-08-17,2026-08-17,North Kalimantan,Malinau,1.124341845950573,0.8290686681683531
25,10,2.188763552636333,117.21508331284261,2.1830303838606766,2.1965201927445737,117.21070107777246,117.2202982014723,1.0,2.619999885559082,2.4839999198913576,2026-08-17,2026-08-17,East Kalimantan,Berau,1.49912246126748,1.0657502449174538
33,10,2.0211526772539163,117.2433125366077,2.017780225032942,2.0245251294748905,117.23825058912566,117.24837424397157,1.0,14.430000305175781,13.78799991607666,2026-08-17,2026-08-17,East Kalimantan,Berau,0.7495612306337154,1.1243418459486347
49,10,2.5337654148419912,117.77587178596232,2.527020510400043,2.5405103192839396,117.76638865983148,117.7829604777886,1.0,11.380000114440918,5.020000028610229,2026-08-17,2026-08-17,North Kalimantan,Bulungan,1.4991224612674308,1.8398256498408676
8,9,3.1037098401866263,116.44241560405857,3.1003373879656526,3.1070822924076005,116.43866664000498,116.44616472493487,1.0,3.200000047683716,3.200000047683716,2026-08-17,2026-08-17,North Kalimantan,Malinau,0.749561230633666,0.8320399215382579
5,9,3.9367055387672485,116.95225695532116,3.9333330865462734,3.9400779909882226,116.9484028839036,116.95611119046558,1.0,1.8700000047683716,1.8700000047683716,2026-08-17,2026-08-17,North Kalimantan,Nunukan,0.7495612306338141,0.8546029047654494
101,9,0.7362483810627554,110.44976277828249,0.7328759288417812,0.7396208332837295,110.44630657027591,110.4532191189862,1.0,3.75,3.623333295186361,2026-08-17,2026-08-17,West Kalimantan,Sanggau,0.7495612306337154,0.7681281166045505
193,9,-0.47783441848794783,111.36856893260443,-0.481206870708922,-0.4744619662669736,111.3651417588633,111.37199623828845,1.0,6.820000171661377,6.820000171661377,2026-08-17,2026-08-17,West Kalimantan,Melawi,0.7495612306337215,0.7617118084605186
307,9,-1.5671364858626065,114.45282963318579,-1.5705089380835806,-1.5637640336416323,114.44927168352976,114.45638772608098,1.0,0.9100000262260437,0.9100000262260437,2026-08-17,2026-08-17,Central Kalimantan,Kapuas,0.7495612306337154,0.790510020302841
308,9,-1.5806262947465033,114.9090243899587,-1.5839987469674774,-1.577253842525529,114.90546409053208,114.91258483324924,1.0,4.099999904632568,4.099999904632568,2026-08-17,2026-08-17,Central Kalimantan,Barito Selatan,0.74956123063374,0.7910270371501774
310,9,-1.6042334602933224,114.74165187767669,-1.6076059125142965,-1.6008610080723482,114.73808902659586,114.74521487259778,1.0,0.8700000047683716,0.8700000047683716,2026-08-17,2026-08-17,Central Kalimantan,Barito Selatan,0.7495612306337154,0.7915848822447918
311,9,-1.614350816956245,114.4655702267423,-1.6177232691772192,-1.610978364735271,114.46200662326096,114.46913397381745,1.0,0.9399999976158142,0.9399999976158142,2026-08-17,2026-08-17,Central Kalimantan,Kapuas,0.7495612306337154,0.7917480899712663
134,9,-0.009063559772537387,110.39005869014768,-0.012436011993511562,-0.005691107551563211,110.38668527380298,110.393432234039,1.0,6.5,6.5,2026-08-17,2026-08-17,West Kalimantan,Sanggau,0.7495612306337202,0.7497896816470557
316,9,-1.6581926958289093,110.35870463730862,-1.6615651480498834,-1.6548202436079351,110.35514279612325,110.362266617653,1.0,15.970000267028809,15.970000267028809,2026-08-17,2026-08-17,West Kalimantan,Ketapang,0.7495612306337154,0.7913387673401314
138,9,-0.481206870708922,109.96563418900223,-0.48457932292989614,-0.47783441848794783,109.96220732048634,109.96906118786423,1.0,5.860000133514404,5.860000133514404,2026-08-17,2026-08-17,West Kalimantan,Kubu Raya,0.7495612306337154,0.7616434188079398
137,9,-0.2754872852294972,110.4756456224471,-0.27885973745047143,-0.27211483300852307,110.47224193000939,110.47904944438231,1.0,8.65999984741211,8.65999984741211,2026-08-17,2026-08-17,West Kalimantan,Sanggau,0.7495612306337215,0.7565103275229235
135,9,-0.23164540635683295,110.39770447314832,-0.23501785857780713,-0.2282729541358588,110.39430578630257,110.40110328909601,1.0,4.090000152587891,4.090000152587891,2026-08-17,2026-08-17,West Kalimantan,Sanggau,0.7495612306337185,0.7554003116401939
136,9,-0.2754872852294972,109.96977194123188,-0.27885973745047143,-0.27211483300852307,109.96636839167057,109.97317561970644,1.0,29.469999313354492,29.469999313354492,2026-08-17,2026-08-17,West Kalimantan,Sanggau,0.7495612306337215,0.7564785072537773
139,9,-0.518303845139638,110.43504526966439,-0.5216762973606122,-0.5149313929186637,110.4316139414443,110.43847672903274,1.0,25.940000534057617,25.940000534057617,2026-08-17,2026-08-17,West Kalimantan,Ketapang,0.7495612306337277,0.7626303798244207
147,9,-0.029298273098382437,112.81149275540172,-0.032670725319356615,-0.025925820877408266,112.8081169725365,112.81486866875021,1.0,4.159999847412109,4.159999847412109,2026-08-17,2026-08-17,West Kalimantan,Sintang,0.7495612306337199,0.7503159021334302
145,9,-0.6970438128512693,110.08119295475602,-0.7004162650722434,-0.693671360630295,110.07774148828068,110.08464455322658,1.0,1.1799999475479126,1.1799999475479126,2026-08-17,2026-08-17,West Kalimantan,Ketapang,0.7495612306337277,0.76708083823343
141,9,-0.599242698443018,110.46354786031236,-0.6026151506639923,-0.5958702462220439,110.46010728493017,110.46698856744374,1.0,7.230000019073486,7.230000019073486,2026-08-17,2026-08-17,West Kalimantan,Ketapang,0.7495612306337277,0.764675101595318
116,9,0.8644015654597741,117.2798340044248,0.8610291132387999,0.8677740176807482,117.27635708596793,117.28331106437447,1.0,4.539999961853027,3.816666603088379,2026-08-17,2026-08-17,East Kalimantan,Kutai Timur,0.7495612306337154,0.7727076750982622
117,9,0.6957789544110654,117.07277239022352,0.6924065021900911,0.6991514066320396,117.06931607406722,117.07622884644276,1.0,21.540000915527344,21.540000915527344,2026-08-17,2026-08-17,East Kalimantan,Kutai Timur,0.7495612306337277,0.7681597511849815
118,9,0.6755442410852203,117.10263176135257,0.6721717888642461,0.6789166933061944,117.09917787264655,117.10608579001348,1.0,0.8399999737739563,0.8399999737739563,2026-08-17,2026-08-17,East Kalimantan,Kutai Timur,0.7495612306337154,0.7676234982245476
148,9,-0.03941562976130497,112.76091790515994,-0.042788081982279146,-0.0360431775403308,112.75754095146911,112.76429498934581,1.0,5.03000020980835,4.483333508173625,2026-08-17,2026-08-17,West Kalimantan,Sintang,0.7495612306337199,0.7505760516325338
152,9,-0.30583935521826483,112.90751521402439,-0.309211807439239,-0.3024669029972907,112.90410730513392,112.91092325543264,1.0,10.260000228881836,10.260000228881836,2026-08-17,2026-08-17,West Kalimantan,Sintang,0.7495612306337154,0.7574457655351717
158,9,0.03815077132110107,112.10666034350193,0.034778319100126895,0.041523223542075244,112.10328356164284,112.11003725509174,1.0,5.119999885559082,5.119999885559082,2026-08-17,2026-08-17,West Kalimantan,Sintang,0.7495612306337199,0.7505377865951283
189,9,-0.24513521524072968,110.81262803972602,-0.24850766746170388,-0.2417627630197555,110.80922771543435,110.81602849369278,1.0,15.319999694824219,15.319999694824219,2026-08-17,2026-08-17,West Kalimantan,Sekadau,0.7495612306337246,0.7557635707384591
187,9,-0.20803824081001376,110.59313346132868,-0.21141069303098792,-0.20466578858903958,110.5897374154631,110.5965296363575,1.0,6.179999828338623,6.179999828338623,2026-08-17,2026-08-17,West Kalimantan,Sanggau,0.7495612306337185,0.7548145322996441
128,9,0.6755442410852203,117.56468983233812,0.6721717888642461,0.6789166933061944,117.5612356232196,117.56814418194526,1.0,2.4800000190734863,2.4800000190734863,2026-08-17,2026-08-17,East Kalimantan,Kutai Timur,0.7495612306337154,0.7676947674655434
129,9,0.46982465560579556,117.5638432009219,0.4664522033848214,0.47319710782676977,117.56041396084363,117.56727258004246,1.0,4.829999923706055,4.829999923706055,2026-08-17,2026-08-17,East Kalimantan,Kutai Timur,0.7495612306337215,0.7621727266805494
169,9,-0.21141069303098792,111.65548697138553,-0.2147831452519621,-0.20803824081001376,111.65209031153132,111.65888376165331,1.0,4.980000019073486,4.980000019073486,2026-08-17,2026-08-17,West Kalimantan,Melawi,0.7495612306337185,0.754950972805422
171,9,-0.2383903107987813,111.59498868402345,-0.2417627630197555,-0.23501785857780713,111.59158893807846,111.59838856050007,1.0,4.349999904632568,4.349999904632568,2026-08-17,2026-08-17,West Kalimantan,Melawi,0.7495612306337215,0.7556354991160427
124,9,0.4091205156282604,112.40290435169297,0.4057480634072862,0.41249296784923456,112.39948463689949,112.40632419914299,1.0,4.320000171661377,4.320000171661377,2026-08-17,2026-08-17,West Kalimantan,Kapuas Hulu,0.7495612306337215,0.7600611751873583
125,9,0.35516128009267356,112.3516105606834,0.3517888278716994,0.3585337323136477,112.34819711664927,112.35502413693763,1.0,1.5,1.5,2026-08-17,2026-08-17,West Kalimantan,Kapuas Hulu,0.7495612306337154,0.7586721886878118
127,9,0.9453404187631542,117.88620188302369,0.9419679665421801,0.9487128709841284,117.8827145468702,117.88968936194388,1.0,3.369999885559082,3.369999885559082,2026-08-17,2026-08-17,East Kalimantan,Kutai Timur,0.7495612306337154,0.7750056984347491
122,9,0.5709982222350208,112.48319094490942,0.5676257700140467,0.574370674455995,112.47975240834928,112.48662961535325,1.0,3.380000114440918,3.380000114440918,2026-08-17,2026-08-17,West Kalimantan,Kapuas Hulu,0.7495612306337154,0.7642260624031991
191,9,-0.3024669029972907,111.00876287519925,-0.30583935521826483,-0.2990944507763165,111.00535594743697,111.0121699332629,1.0,4.329999923706055,4.329999923706055,2026-08-17,2026-08-17,West Kalimantan,Sekadau,0.7495612306337154,0.7572276933892162
184,9,-0.1439616486115044,110.6231057042339,-0.14733410083247858,-0.14058919639053025,110.61971694533027,110.62649459188962,1.0,24.520000457763672,24.520000457763672,2026-08-17,2026-08-17,West Kalimantan,Sanggau,0.7495612306337185,0.7531974845983954
102,9,0.6620544322013235,110.36370051426668,0.6586819799803494,0.6654268844222977,110.36025283751898,110.36714832308975,1.0,8.5600004196167,8.5600004196167,2026-08-17,2026-08-17,West Kalimantan,Sanggau,0.7495612306337154,0.7662441546674326
192,9,-0.46771706182502526,110.71075656259096,-0.47108951404599947,-0.46434460960405105,110.70733086703096,110.71418238926321,1.0,14.710000038146973,14.710000038146973,2026-08-17,2026-08-17,West Kalimantan,Sekadau,0.7495612306337277,0.7613842964488677
180,9,-0.7172785261771142,111.49821374034349,-0.7206509783980884,-0.71390607395614,111.49475892721055,111.5016686872511,1.0,5.75,4.196666717529297,2026-08-17,2026-08-17,West Kalimantan,Melawi,0.7495612306337277,0.7678214620593704
181,9,-0.7341407872819852,112.27435707739447,-0.7375132395029593,-0.730768335061011,112.27089973504248,112.27781455453656,1.0,4.119999885559082,4.119999885559082,2026-08-17,2026-08-17,Central Kalimantan,Katingan,0.7495612306337154,0.7683808106708578
182,9,-0.05290543864520167,110.64641084770416,-0.05627789086617584,-0.049532986424227494,110.64303244446066,110.64978937909434,1.0,2.7799999713897705,2.7799999713897705,2026-08-17,2026-08-17,West Kalimantan,Sanggau,0.7495612306337199,0.7508978257261879
172,9,-0.2552525719036522,111.71316716519925,-0.25862502412462635,-0.25188011968267804,111.70976545095046,111.71656901023367,1.0,4.559999942779541,4.559999942779541,2026-08-17,2026-08-17,West Kalimantan,Melawi,0.7495612306337154,0.7560720401984907
92,9,0.40237561118631204,110.71317041425192,0.3990031589653379,0.4057480634072862,110.70975217864572,110.71658878051588,1.0,33.939998626708984,33.939998626708984,2026-08-17,2026-08-17,West Kalimantan,Sanggau,0.7495612306337154,0.7597328306517056
91,9,0.4192378722911829,110.67293352700993,0.4158654200702087,0.42261032451215713,110.66951338369962,110.6763538010495,1.0,5.659999847412109,5.659999847412109,2026-08-17,2026-08-17,West Kalimantan,Sanggau,0.7495612306337277,0.7601552304049706
88,9,0.48668691671066644,110.80212135398764,0.48331446448969223,0.49005936893164054,110.79869344589784,110.80554939342811,1.0,127.5999984741211,127.5999984741211,2026-08-17,2026-08-17,West Kalimantan,Sanggau,0.7495612306337154,0.7618739624863811
212,9,-1.2636157859749306,113.84078071553762,-1.2669882381959048,-1.2602433337539565,113.83725970994747,113.84430186148386,1.0,4.590000152587891,4.590000152587891,2026-08-17,2026-08-17,Central Kalimantan,Gunung Mas,0.7495612306337154,0.7824039848510852
98,9,1.2353713097669334,117.21953945889138,1.2319988575459593,1.2387437619879076,117.2160175075026,117.2230615543402,1.0,7.789999961853027,7.789999961853027,2026-08-17,2026-08-17,East Kalimantan,Kutai Timur,0.7495612306337154,0.782622973208818
95,9,0.17979376460201646,110.77843473206127,0.17642131238104228,0.1831662168229906,110.77504186658668,110.78182772671653,1.0,6.269999980926514,6.269999980926514,2026-08-17,2026-08-17,West Kalimantan,Sanggau,0.7495612306337185,0.7541089233595695
93,9,0.25061526124247413,110.98129811667944,0.24724280902149998,0.2539877134634483,110.97789712383008,110.98469923943689,1.0,8.8100004196167,8.8100004196167,2026-08-17,2026-08-17,West Kalimantan,Sekadau,0.7495612306337154,0.7559118761185596
217,9,-1.2973403081846726,114.03118423603388,-1.3007127604056468,-1.2939678559636985,114.02765898644893,114.03470962643588,1.0,0.41999998688697815,0.41999998688697815,2026-08-17,2026-08-17,Central Kalimantan,Kapuas,0.7495612306337154,0.7833367708136875
197,9,-0.6869264561883467,110.68467051578423,-0.6902989084093208,-0.6835540039673725,110.68121977524062,110.68812138894899,1.0,21.059999465942383,21.059999465942383,2026-08-17,2026-08-17,West Kalimantan,Ketapang,0.7495612306337154,0.7669212097889956
110,9,0.9116158965534127,109.42926935219892,0.9082434443324383,0.9149883487743868,109.42579404917997,109.43274478797413,1.0,6.079999923706055,6.079999923706055,2026-08-17,2026-08-17,West Kalimantan,Bengkayang,0.74956123063374,0.7723378330899685
109,9,0.16630395571811973,116.29908350518124,0.16293150349714558,0.16967640793909392,116.29569123726796,116.30247590855697,1.0,0.7200000286102295,0.6666666666666666,2026-08-17,2026-08-17,East Kalimantan,Kutai Kartanegara,0.7495612306337185,0.7539773442803932
87,9,0.48668691671066644,110.59976692030494,0.48331446448969223,0.49005936893164054,110.59633911327332,110.6031948584535,1.0,33.400001525878906,33.400001525878906,2026-08-17,2026-08-17,West Kalimantan,Sanggau,0.7495612306337154,0.7618514761332652
90,9,0.42935522895410544,110.57864693746082,0.4259827767331313,0.4327276811750796,110.57522568095243,110.58206832466034,1.0,3.1600000858306885,3.1600000858306885,2026-08-17,2026-08-17,West Kalimantan,Sanggau,0.7495612306337154,0.7604016445926127
209,9,-1.0444063916116093,113.24173018646376,-1.0477788438325835,-1.0410339393906352,113.23823572938763,113.24522478164266,1.0,9.420000076293945,9.420000076293945,2026-08-17,2026-08-17,Central Kalimantan,Gunung Mas,0.7495612306337154,0.7765643439348451
199,9,-0.7510030483868559,111.36414501827805,-0.7543755006078302,-0.7476305961658818,111.3606864196484,111.36760375076514,1.0,7.599999904632568,7.599999904632568,2026-08-17,2026-08-17,West Kalimantan,Melawi,0.7495612306337277,0.7686569723653321
202,9,-0.6262223162108116,114.639449385406,-0.6295947684317857,-0.6228498639898374,114.63600304698693,114.6428958605875,1.0,46.220001220703125,46.220001220703125,2026-08-17,2026-08-17,Central Kalimantan,Murung Raya,0.7495612306337154,0.7659526239307847
107,9,0.5811155788979433,113.22536830229579,0.5777431266769691,0.5844880311189175,113.22192814790061,113.22880859150298,1.0,5.460000038146973,5.460000038146973,2026-08-17,2026-08-17,West Kalimantan,Kapuas Hulu,0.7495612306337154,0.7645843702606819
105,9,0.2135182868117582,110.28964956652479,0.210145834590784,0.2168907390327324,110.28625296327174,110.29304629862874,1.0,23.860000610351562,23.860000610351562,2026-08-17,2026-08-17,West Kalimantan,Sanggau,0.7495612306337246,0.7549381160819841
104,9,0.4259827767331313,110.29193199209695,0.42261032451215713,0.42935522895410544,110.28851124549227,110.295352869038,1.0,11.739999771118164,11.739999771118164,2026-08-17,2026-08-17,West Kalimantan,Sanggau,0.7495612306337154,0.7602886111890008
108,9,0.7362483810627554,116.60836899283112,0.7328759288417812,0.7396208332837295,116.6049081300413,116.61182999543269,1.0,3.559999942779541,3.559999942779541,2026-08-17,2026-08-17,East Kalimantan,Kutai Timur,0.7495612306337154,0.7691633938962199
103,9,0.4900593689316406,110.54923377681325,0.4866869167106664,0.4934318211526148,110.54580561030744,110.55266207440125,1.0,21.809999465942383,21.809999465942383,2026-08-17,2026-08-17,West Kalimantan,Sanggau,0.7495612306337277,0.7619309838448763
6,9,3.902981016557506,116.89007519167924,3.899608564336532,3.90635346877848,116.88622557702935,116.89392496972512,1.0,1.7999999523162842,1.7999999523162842,2026-08-17,2026-08-17,North Kalimantan,Nunukan,0.7495612306337154,0.8536490726346198
14,9,2.405612230444972,117.48131183798046,2.402239778223998,2.4089846826659467,117.47764598474039,117.48497784406578,1.0,0.6299999952316284,0.6299999952316284,2026-08-17,2026-08-17,East Kalimantan,Berau,0.7495612306337647,0.8140714719730172
13,9,2.5067857970741976,117.46658097060805,2.5034133448532234,2.5101582492951717,117.46290266695873,117.47025942783102,1.0,2.2799999713897705,2.2799999713897705,2026-08-17,2026-08-17,East Kalimantan,Berau,0.7495612306337154,0.8167744735266453
331,9,-1.9347337779487914,110.55425420787864,-1.9381062301697656,-1.9313613257278175,110.55066008519226,110.55784847194855,1.0,5.300000190734863,5.300000190734863,2026-08-17,2026-08-17,West Kalimantan,Ketapang,0.7495612306336907,0.7983900248146877
329,9,-1.863912281308334,110.07058095301133,-1.867284733529308,-1.8605398290873598,110.06699594684416,110.07416609948923,1.0,10.779999732971191,10.779999732971191,2026-08-17,2026-08-17,West Kalimantan,Ketapang,0.7495612306336907,0.7963974668527912
325,9,-1.8200704024356698,110.48626749720255,-1.823442854656644,-1.8166979502146954,110.48268675925716,110.48984837562259,1.0,1.0700000524520874,1.0700000524520874,2026-08-17,2026-08-17,West Kalimantan,Ketapang,0.74956123063374,0.7954689068944908
326,9,-1.8234428546566437,110.24353476390361,-1.826815306877618,-1.8200704024356695,110.23995409119057,110.24711557683482,1.0,0.7699999809265137,0.7699999809265137,2026-08-17,2026-08-17,West Kalimantan,Ketapang,0.74956123063374,0.7954528979821144
302,9,-1.4356108492446138,114.45943767764561,-1.438983301465588,-1.4322383970236396,114.45589539593878,114.46298010165452,1.0,2.069999933242798,2.069999933242798,2026-08-17,2026-08-17,Central Kalimantan,Kapuas,0.7495612306337154,0.7870762144022979
301,9,-1.4322383970236396,114.32095528184657,-1.4356108492446136,-1.4288659448026653,114.31741360561497,114.32449710019588,1.0,5.929999828338623,5.929999828338623,2026-08-17,2026-08-17,Central Kalimantan,Kapuas,0.7495612306337154,0.7869428227083766
293,9,-1.250125977091034,114.09318679574092,-1.2534984293120082,-1.2467535248700599,114.0896670618519,114.0967066701815,1.0,7.75,7.75,2026-08-17,2026-08-17,Central Kalimantan,Kapuas,0.7495612306337154,0.7821254671504676
297,9,-1.3074576648475948,114.22054853164256,-1.310830117068569,-1.3040852126266207,114.21702182845829,114.22407537593514,1.0,1.2999999523162842,1.2999999523162842,2026-08-17,2026-08-17,Central Kalimantan,Kapuas,0.7495612306337154,0.7836566512783787
284,9,-1.1793044804505763,111.4287679628041,-1.1826769326715505,-1.1759320282296022,111.42525984859166,111.43227621398339,1.0,9.020000457763672,9.020000457763672,2026-08-17,2026-08-17,West Kalimantan,Melawi,0.7495612306337154,0.7795635260039603
28,9,2.1189537916621672,117.18136384516112,2.115581339441193,2.122326243883142,117.17773396172414,117.18499387899452,1.0,6.889999866485596,6.889999866485596,2026-08-17,2026-08-17,East Kalimantan,Berau,0.7495612306337647,0.8062429339318421
290,9,-1.1118554360310928,114.15159946619325,-1.115227888252067,-1.1084829838101184,114.1480960463528,114.1551030256674,1.0,14.100000381469727,14.100000381469727,2026-08-17,2026-08-17,Central Kalimantan,Kapuas,0.74956123063374,0.7785389990994713
289,9,-1.0815033660423252,114.05936944005647,-1.0848758182632994,-1.078130913821351,114.05586971739957,114.06286930202461,1.0,4.039999961853027,4.039999961853027,2026-08-17,2026-08-17,Central Kalimantan,Kapuas,0.7495612306337154,0.7777252687542717
283,9,-1.1759320282296022,110.7472542870638,-1.1793044804505763,-1.172559576008628,110.74374738615423,110.75076132412848,1.0,4.739999771118164,4.739999771118164,2026-08-17,2026-08-17,West Kalimantan,Ketapang,0.7495612306337154,0.779294767144582
288,9,-0.9364879205404356,114.76259479413062,-0.9398603727614099,-0.9331154683194616,114.75911154244348,114.76607818491246,1.0,2.130000114440918,2.130000114440918,2026-08-17,2026-08-17,Central Kalimantan,Barito Utara,0.7495612306337154,0.7740995647848472
41,9,2.763092165868235,116.88977101673296,2.759719713647261,2.766464618089209,116.88606266209274,116.89347952617491,1.0,55.0099983215332,55.0099983215332,2026-08-17,2026-08-17,North Kalimantan,Bulungan,0.7495612306337154,0.823277846362577
280,9,-0.9499777294243325,110.7189135717923,-0.9533501816453065,-0.9466052772033582,110.71543266057874,110.72239461752378,1.0,0.8500000238418579,0.8500000238418579,2026-08-17,2026-08-17,West Kalimantan,Ketapang,0.7495612306337154,0.7735759334333047
306,9,-1.5502742247577357,114.32033926473056,-1.5536466769787098,-1.5469017725367615,114.3167835371154,114.32389513531038,1.0,5.269999980926514,5.269999980926514,2026-08-17,2026-08-17,Central Kalimantan,Kapuas,0.7495612306337154,0.790022630463598
323,9,-1.7728560713420312,110.28096789512388,-1.7762285235630055,-1.769483619121057,110.2773929823796,110.28454294776414,1.0,2.059999942779541,2.059999942779541,2026-08-17,2026-08-17,West Kalimantan,Ketapang,0.74956123063374,0.7941953129227172
304,9,-1.4760802758963036,114.29618735384358,-1.479452728117278,-1.4727078236753297,114.2926404975607,114.29973435253011,1.0,4.380000114440918,4.380000114440918,2026-08-17,2026-08-17,Central Kalimantan,Kapuas,0.7495612306337154,0.7880785048269828
40,9,2.786699331415054,117.19936186455955,2.78332687919408,2.7900717836360283,117.19564971431343,117.20307417014195,1.0,2.9800000190734863,2.9800000190734863,2026-08-17,2026-08-17,North Kalimantan,Bulungan,0.7495612306337154,0.8241040784937684
275,9,-0.24850766746170386,117.39574480101366,-0.25188011968267804,-0.24513521524072968,117.39234241511772,117.399147324211,1.0,3.7699999809265137,3.7699999809265137,2026-08-17,2026-08-17,East Kalimantan,Kutai Kartanegara,0.7495612306337215,0.7562224344624189
50,9,2.5000408926322493,117.61788132665363,2.496668440411275,2.5034133448532234,117.61420346710052,117.62155933990603,1.0,4.21999979019165,4.21999979019165,2026-08-17,2026-08-17,East Kalimantan,Berau,0.7495612306337154,0.8166800804066962
48,9,2.648428790355113,117.78012385611396,2.6450563381341388,2.651801242576087,117.77642719646418,117.78382067074799,1.0,2.4100000858306885,2.4100000858306885,2026-08-17,2026-08-17,North Kalimantan,Bulungan,0.7495612306337154,0.8207591824524935
42,9,2.7627174489547937,117.18835584308324,2.759719713647261,2.766464618089209,117.18351573288516,117.19364486570484,1.0,2.950000047683716,2.5266666809717813,2026-08-17,2026-08-17,North Kalimantan,Bulungan,0.7495612306337154,1.1243422008116524
234,9,-0.9600950860872549,110.00417922625773,-0.9634675383082291,-0.9567226338662808,110.00069785866413,110.00766072761502,1.0,6.340000152587891,6.340000152587891,2026-08-17,2026-08-17,West Kalimantan,Kayong Utara,0.7495612306337154,0.7736749933042183
240,9,-1.2197739071022664,110.50615462367863,-1.2231463593232406,-1.2164014548812923,110.50264298084191,110.50966640270406,1.0,1.7999999523162842,1.7999999523162842,2026-08-17,2026-08-17,West Kalimantan,Ketapang,0.7495612306337154,0.7803360044282341
232,9,-0.9331154683194615,110.23942632493373,-0.9364879205404356,-0.9297430160984873,110.23594780784478,110.24290497586719,1.0,16.56999969482422,16.56999969482422,2026-08-17,2026-08-17,West Kalimantan,Kayong Utara,0.7495612306337154,0.7730475526214844
233,9,-0.9533501816453066,110.49978208310144,-0.9567226338662808,-0.9499777294243325,110.4963009994124,110.50326330107904,1.0,9.979999542236328,9.979999542236328,2026-08-17,2026-08-17,West Kalimantan,Ketapang,0.7495612306337154,0.7736134806861718
228,9,-0.8791562327838747,110.16695444993842,-0.8825286850048489,-0.8757837805629005,110.16348216071829,110.17042687253758,1.0,48.43000030517578,48.43000030517578,2026-08-17,2026-08-17,West Kalimantan,Kayong Utara,0.7495612306337277,0.771674972605345
86,9,0.5271563433623565,110.66453740215815,0.5237838911413824,0.5305287955833307,110.66110494065573,110.66796999513598,1.0,8.84000015258789,8.84000015258789,2026-08-17,2026-08-17,West Kalimantan,Sanggau,0.7495612306337154,0.762881213809034
85,9,0.5946053877818401,110.92550554793435,0.5912329355608659,0.5979778400028143,110.92206521975243,110.9289460083665,1.0,3.8299999237060547,3.8299999237060547,2026-08-17,2026-08-17,West Kalimantan,Sanggau,0.7495612306337277,0.7646208623119977
84,9,0.6418197188754785,110.62632478460004,0.6384472666545042,0.6451921710964528,110.62287924277659,110.6297704586599,1.0,9.550000190734863,9.550000190734863,2026-08-17,2026-08-17,West Kalimantan,Sanggau,0.74956123063374,0.765772773315734
64,9,0.5777431266769691,112.06174573167016,0.574370674455995,0.5811155788979433,112.05830666156999,112.06518493521459,1.0,5.329999923706055,5.329999923706055,2026-08-17,2026-08-17,West Kalimantan,Kapuas Hulu,0.7495612306337154,0.7643436902497255
65,9,0.5035491778155373,112.13120064651635,0.5001767255945632,0.5069216300365115,112.12777012358686,112.13463130244979,1.0,4.710000038146973,4.710000038146973,2026-08-17,2026-08-17,West Kalimantan,Kapuas Hulu,0.7495612306337154,0.7624533603954858
66,9,0.4428450378380021,112.00206245190132,0.43947258561702796,0.4462174900589763,111.99863901013136,112.00548602610084,1.0,21.559999465942383,21.06666628519694,2026-08-17,2026-08-17,West Kalimantan,Kapuas Hulu,0.7495612306337215,0.7608861568155453
55,9,2.3482805426884115,117.97935002916653,2.344908090467437,2.3516529949093856,117.97569004531005,117.98301016602382,1.0,8.010000228881836,6.400000174840291,2026-08-17,2026-08-17,East Kalimantan,Berau,0.7495612306337647,0.8128018690285411
81,9,0.8677740176807482,111.34711445516662,0.8644015654597741,0.8711464699017225,111.34364241313041,111.35058663186496,1.0,8.210000038146973,8.210000038146973,2026-08-17,2026-08-17,West Kalimantan,Sintang,0.7495612306337277,0.7716225195824015
78,9,1.5995961496321442,118.09491650472864,1.59622369741117,1.6029686018531184,118.09134869848107,118.09848445866167,1.0,1.3700000047683716,1.3700000047683716,2026-08-17,2026-08-17,East Kalimantan,Berau,0.7495612306337154,0.792688007302822
77,9,0.14269679017130052,112.08000347465571,0.13932433795032634,0.14606924239227467,112.0766146469474,112.08339243278982,1.0,46.099998474121094,46.099998474121094,2026-08-17,2026-08-17,West Kalimantan,Sintang,0.7495612306337185,0.7532130046718255
75,9,0.18991112126493898,112.14097602609237,0.1865386690439648,0.19328357348591316,112.13758174228657,112.14437044072282,1.0,3.890000104904175,3.890000104904175,2026-08-17,2026-08-17,West Kalimantan,Kapuas Hulu,0.7495612306337215,0.754423912999211
74,9,0.22700809569565492,112.05355574906386,0.22363564347468073,0.23038054791662907,112.05015720402923,112.05695442508043,1.0,6.5,6.5,2026-08-17,2026-08-17,West Kalimantan,Kapuas Hulu,0.7495612306337185,0.7553692465821549
73,9,0.26410507012637086,112.17527625693099,0.26073261790539665,0.267477522347345,112.17187339927206,112.17867924597091,1.0,4.139999866485596,4.139999866485596,2026-08-17,2026-08-17,West Kalimantan,Kapuas Hulu,0.7495612306337215,0.756325708550246
67,9,0.3990031589653379,112.07562857733033,0.3956307067443637,0.40237561118631204,112.07221016899776,112.07904711787069,1.0,3.859999895095825,3.859999895095825,2026-08-17,2026-08-17,West Kalimantan,Kapuas Hulu,0.7495612306337215,0.7597717048692029
72,9,0.324809210103906,112.15902452246193,0.32143675788293186,0.32818166232488016,112.15561465642404,112.16243452028554,1.0,26.6200008392334,26.6200008392334,2026-08-17,2026-08-17,West Kalimantan,Kapuas Hulu,0.7495612306337154,0.7578792926126752
79,9,1.0633762464972505,117.67795847290388,1.0600037942762763,1.0667486987182246,117.67445694356968,117.68146014560232,1.0,1.3600000143051147,1.3600000143051147,2026-08-17,2026-08-17,East Kalimantan,Kutai Timur,0.7495612306337154,0.7781318081415758
303,9,-1.4659629192333812,114.21807727372045,-1.4693353714543553,-1.462590467012407,114.21453173904949,114.22162295063215,1.0,7.639999866485596,7.639999866485596,2026-08-17,2026-08-17,Central Kalimantan,Kapuas,0.7495612306337154,0.7877884150118203
281,9,-1.1219727926940155,111.37255893802447,-1.1253452449149894,-1.1186003404730411,111.36905752166315,111.37606049087964,1.0,5.710000038146973,5.710000038146973,2026-08-17,2026-08-17,West Kalimantan,Melawi,0.7495612306337154,0.7780907620810364
282,9,-1.132090149356938,110.59713038436092,-1.1354626015779121,-1.1287176971359638,110.59362869980025,110.60063220459122,1.0,4.25,4.25,2026-08-17,2026-08-17,West Kalimantan,Ketapang,0.7495612306337154,0.7781475658725748
260,9,-0.8454317105741329,111.79505024388624,-0.8488041627951071,-0.8420592583531588,111.79158038888339,111.7985202339108,1.0,16.3799991607666,16.3799991607666,2026-08-17,2026-08-17,West Kalimantan,Melawi,0.7495612306337154,0.771141021263961
269,9,-1.4254934925816911,112.78230530041861,-1.4288659448026653,-1.422121040360717,112.77876667950801,112.78584406161951,1.0,1.7799999713897705,1.7799999713897705,2026-08-17,2026-08-17,Central Kalimantan,Kotawaringin Timur,0.7495612306337154,0.7862660649720108
45,9,1.4444633474673323,109.15332862499257,1.4410908952463581,1.4478357996883064,109.14979316101528,109.15686422519985,1.0,7.639999866485596,7.639999866485596,2026-08-17,2026-08-17,West Kalimantan,Sambas,0.7495612306337154,0.7855576557358018
272,9,-0.056277890866175836,117.43179420267617,-0.05965034308715002,-0.05290543864520167,117.42841502753825,117.43517351382029,1.0,1.5299999713897705,1.5299999713897705,2026-08-17,2026-08-17,East Kalimantan,Kutai Kartanegara,0.7495612306337199,0.7510702182122744
248,9,-1.4558455625704587,110.32449636362672,-1.4592180147914329,-1.4524731103494846,110.32095785427256,110.32803501064669,1.0,4.460000038146973,4.460000038146973,2026-08-17,2026-08-17,West Kalimantan,Ketapang,0.7495612306337154,0.7862305115954212
224,9,-1.5469017725367615,113.31142651581308,-1.5502742247577357,-1.5435293203157872,113.30787279302575,113.31498038037395,1.0,7.070000171661377,7.070000171661377,2026-08-17,2026-08-17,Central Kalimantan,Katingan,0.74956123063374,0.7895783246357372
222,9,-1.4963149892221488,114.01047840477226,-1.499687441443123,-1.4929425370011746,114.00692957926448,114.01402737249857,1.0,9.270000457763672,6.436666965484619,2026-08-17,2026-08-17,Central Kalimantan,Kapuas,0.7495612306337154,0.7885087940099698
220,9,-1.4086312314768203,113.91834417791574,-1.4120036836977943,-1.405258779255846,113.91480589276388,113.9218826045506,1.0,7.820000171661377,7.820000171661377,2026-08-17,2026-08-17,Central Kalimantan,Gunung Mas,0.7495612306337154,0.786197318548995
252,9,-0.17768617082124616,115.96527848399711,-0.18105862304222034,-0.17431371860027198,115.96188491495018,115.96867218820019,1.0,2.7699999809265137,2.439999977747599,2026-08-17,2026-08-17,East Kalimantan,Kutai Barat,0.7495612306337215,0.754266049184137
262,9,-1.0848758182632994,111.49260010428682,-1.0882482704842735,-1.0815033660423252,111.48910284210926,111.49609750283325,1.0,4.360000133514404,4.360000133514404,2026-08-17,2026-08-17,West Kalimantan,Melawi,0.7495612306337154,0.7771773081871458
35,9,1.997545511707097,117.29054804904331,1.994173059486123,2.0009179639280714,117.28693283223988,117.2941634154843,1.0,10.569999694824219,10.569999694824219,2026-08-17,2026-08-17,East Kalimantan,Berau,0.74956123063374,0.8030464249070192
277,8,-0.6932498041026732,117.25778659615007,-0.6970438128512692,-0.6902989084093208,117.2547624446388,117.26159120177283,1.0,5.139999866485596,5.109999895095825,2026-08-17,2026-08-17,East Kalimantan,Kutai Kartanegara,0.7495612306337154,0.7588242318562629
270,8,-1.455424006042837,112.9284273520568,-1.4592180147914329,-1.4524731103494846,112.9253277663236,112.93224358072743,1.0,4.769999980926514,4.769999980926514,2026-08-17,2026-08-17,Central Kalimantan,Katingan,0.7495612306337154,0.7683065098432823
266,8,-1.3125163431790563,112.79217091420034,-1.3175750215105175,-1.307457664847595,112.79025627827907,112.79408594812945,1.0,5.820000171661377,5.130000114440918,2026-08-17,2026-08-17,Central Kalimantan,Katingan,1.124341845950573,0.4254795478461608
312,8,-1.2180876809917793,115.02787957257928,-1.2231463593232406,-1.213029002660318,115.02597722504579,115.02978232532507,1.0,4.849999904632568,4.362499952316284,2026-08-17,2026-08-17,Central Kalimantan,Barito Utara,1.124341845950573,0.4227652369487143
155,8,-0.4715110705736212,112.68081700301897,-0.4744619662669736,-0.4677170618250252,112.67701592754835,112.68381579018046,1.75,16.190000534057617,13.450000405311584,2026-08-17,2026-08-17,West Kalimantan,Sintang,0.7495612306337277,0.7556431462360574
264,8,-0.8909598155572843,112.4119435118207,-0.8960184938887457,-0.8859011372258231,112.41010293223741,112.41378448567981,1.0,10.800000190734863,8.805000305175781,2026-08-17,2026-08-17,Central Kalimantan,Katingan,1.1243418459505854,0.4090815694381031
333,7,-1.9573773857181895,110.18744477762682,-1.9617133957165849,-1.9549684912746368,110.18439410142214,110.19136451412857,1.0,5.920000076293945,5.920000076293945,2026-08-17,2026-08-17,West Kalimantan,Ketapang,0.7495612306336907,0.7741699817513312
328,6,-1.8554811507558986,110.26575981232263,-1.8571673768663859,-1.8537949246454113,110.26228046583556,110.26923916524372,1.0,1.1799999475479126,1.1799999475479126,2026-08-17,2026-08-17,West Kalimantan,Ketapang,0.37478061531690704,0.7729147947227964
300,6,-1.4069450053663333,114.5828351456888,-1.4086312314768203,-1.405258779255846,114.57937885519216,114.5862914410623,1.0,3.880000114440918,3.880000114440918,2026-08-17,2026-08-17,Central Kalimantan,Kapuas,0.37478061531688234,0.7679640728364566
168,6,-0.1439616486115044,111.69049020269979,-0.14733410083247858,-0.14058919639053025,111.68878751774035,111.69219301714529,1.0,4.449999809265137,4.449999809265137,2026-08-17,2026-08-17,West Kalimantan,Melawi,0.7495612306337185,0.3784519542490265
163,6,-0.05965034308715001,111.98022921946666,-0.06302279530812419,-0.05627789086617584,111.97853619513535,111.98192237332516,1.0,6.170000076293945,6.170000076293945,2026-08-17,2026-08-17,West Kalimantan,Sintang,0.7495612306337193,0.3763057782990439
174,6,-0.2856046418924198,111.63082038031274,-0.28897709411339395,-0.2822321896714456,111.62910144502268,111.63253944551542,1.0,15.430000305175781,15.430000305175781,2026-08-17,2026-08-17,West Kalimantan,Melawi,0.7495612306337215,0.38206024805959427
185,6,-0.1726274924897849,110.58953385798621,-0.17431371860027198,-0.17094126637929782,110.58615158466633,110.59291613190418,1.0,6.329999923706055,6.329999923706055,2026-08-17,2026-08-17,West Kalimantan,Sanggau,0.3747806153168577,0.7517407225001662
126,6,0.9014985398904901,118.8645666138687,0.8981260876695158,0.9048709921114643,118.8627701577338,118.86636321046609,1.0,37.47999954223633,37.47999954223633,2026-08-17,2026-08-17,East Kalimantan,Kutai Timur,0.7495612306337277,0.399246525814501
119,6,0.5339012478043048,117.3103636684779,0.5305287955833307,0.5372737000252791,117.30861309347614,117.31211438082877,1.0,2.299999952316284,2.299999952316284,2026-08-17,2026-08-17,East Kalimantan,Kutai Timur,0.7495612306337277,0.38908117066330783
121,6,0.1443830162817876,116.81832207452071,0.14269679017130052,0.14606924239227467,116.81494094823755,116.82170320130408,1.0,9.670000076293945,9.670000076293945,2026-08-17,2026-08-17,East Kalimantan,Kutai Kartanegara,0.3747806153168577,0.7514867972334639
123,6,0.5339012478043048,112.58872556201304,0.5305287955833307,0.5372737000252791,112.5869775740875,112.59047368183394,1.0,2.0299999713897705,2.0299999713897705,2026-08-17,2026-08-17,West Kalimantan,Kapuas Hulu,0.7495612306337277,0.38850558601759805
160,6,0.014543605774281843,112.09483551985728,0.011171153553307667,0.01791605799525602,112.09314768365917,112.09652348555836,1.0,2.3299999237060547,2.3299999237060547,2026-08-17,2026-08-17,West Kalimantan,Sintang,0.7495612306337204,0.3751528529718086
157,6,0.053326806315484865,112.0662145228044,0.051640580204997774,0.05501303242597195,112.0628389995489,112.06959004624467,1.0,3.3499999046325684,3.3499999046325684,2026-08-17,2026-08-17,West Kalimantan,Sintang,0.37478061531685997,0.7502434943494531
156,6,-0.4845793229298961,112.45970635956961,-0.4879517751508703,-0.481206870708922,112.45796415379895,112.46144869691172,1.0,2.7300000190734863,2.7300000190734863,2026-08-17,2026-08-17,West Kalimantan,Sintang,0.7495612306337154,0.38722342678165045
175,6,-0.32101539021264863,111.82173207022585,-0.3227016163231357,-0.31932916410216156,111.81834112705965,111.82512301450426,1.0,2.430000066757202,2.430000066757202,2026-08-17,2026-08-17,West Kalimantan,Melawi,0.3747806153168577,0.7536593224689486
320,6,-1.7458764535742377,110.17646525743963,-1.749248905795212,-1.7425040013532636,110.17458064651987,110.17835000188629,1.0,1.159999966621399,1.159999966621399,2026-08-17,2026-08-17,West Kalimantan,Ketapang,0.74956123063374,0.41869400801838486
313,6,-1.5688227119730935,115.47515795157119,-1.5705089380835806,-1.5671364858626065,115.47169116064703,115.47862474793399,1.0,2.8299999237060547,2.8299999237060547,2026-08-17,2026-08-17,South Kalimantan,Tabalong,0.3747806153168577,0.7702407302926177
154,6,-0.45085480072015444,112.30740094323978,-0.4542272529411286,-0.4474823484991802,112.30566271244649,112.3091393053093,1.0,43.810001373291016,43.810001373291016,2026-08-17,2026-08-17,West Kalimantan,Melawi,0.7495612306337215,0.3863418034708341
143,6,-0.6397121250947082,110.54364904371705,-0.6430845773156824,-0.636339672873734,110.54189012722568,110.54540809011799,1.0,1.1100000143051147,1.1100000143051147,2026-08-17,2026-08-17,West Kalimantan,Ketapang,0.7495612306337154,0.39092684866630245
3,6,3.9822336437503996,117.23928041670962,3.980547417639912,3.9839198698608866,117.23565961073682,117.24290123653478,1.0,45.18000030517578,45.18000030517578,2026-08-17,2026-08-17,North Kalimantan,Nunukan,0.37478061531690704,0.8028188840009522
115,6,0.32986788843536724,109.06986358330751,0.32818166232488016,0.3315541145458543,109.0664725949897,109.07325457276819,1.0,1.7599999904632568,1.7599999904632568,2026-08-17,2026-08-17,West Kalimantan,Mempawah,0.3747806153168577,0.7536686996933346
165,6,-0.10011976973884013,111.96347721067912,-0.1034922219598143,-0.09674731751786596,111.96177953093363,111.96517502007316,1.0,5.769999980926514,5.769999980926514,2026-08-17,2026-08-17,West Kalimantan,Sintang,0.7495612306337199,0.3773401319764341
176,6,-0.34293632964898074,111.5673553330404,-0.34630878186995495,-0.3395638774280066,111.56562983596794,111.56908096015368,1.0,7.400000095367432,7.400000095367432,2026-08-17,2026-08-17,West Kalimantan,Melawi,0.7495612306337215,0.38351656098959247
111,6,0.6721717888642461,108.9558317301976,0.668799336643272,0.6755442410852203,108.95407021171205,108.95759337687434,1.0,0.6800000071525574,0.6800000071525574,2026-08-17,2026-08-17,West Kalimantan,Bengkayang,0.7495612306337154,0.3915024015669981
83,6,0.7362483810627554,110.84943136339969,0.7328759288417812,0.7396208332837295,110.84766121738001,110.8512016400271,1.0,2.6700000762939453,2.6700000762939453,2026-08-17,2026-08-17,West Kalimantan,Sanggau,0.7495612306337154,0.393414685938716
207,6,-1.1658146715666795,109.65564042079642,-1.1691871237876539,-1.1624422193457054,109.65382256370684,109.65745840866697,1.0,15.899999618530273,15.899999618530273,2026-08-17,2026-08-17,West Kalimantan,Kayong Utara,0.74956123063374,0.4039678120687183
201,6,-0.47952064459843485,114.11724105895762,-0.481206870708922,-0.47783441848794783,114.11384038085008,114.12064173872658,1.0,34.7599983215332,34.7599983215332,2026-08-17,2026-08-17,Central Kalimantan,Murung Raya,0.3747806153168577,0.7558084302164214
215,6,-1.2787918209693145,113.36581551954623,-1.2804780470798016,-1.2771055948588275,113.36236775196133,113.36926329156341,1.0,4.989999771118164,4.989999771118164,2026-08-17,2026-08-17,Central Kalimantan,Gunung Mas,0.3747806153168577,0.766110459907233
76,6,0.1747350862705552,112.07005959985874,0.1730488601600681,0.17642131238104228,112.0666770735615,112.07344212676138,1.0,13.270000457763672,13.270000457763672,2026-08-17,2026-08-17,West Kalimantan,Sintang,0.37478061531686074,0.7517968659764652
54,6,2.3499667687988985,117.90523598453778,2.3482805426884115,2.3516529949093856,117.90171829816094,117.90875367906759,1.0,13.529999732971191,13.529999732971191,2026-08-17,2026-08-17,East Kalimantan,Berau,0.3747806153168577,0.7811843643002075
68,6,0.36865108897657034,111.92852613220316,0.36527863675559613,0.3720235411975445,111.92679754651589,111.93025484843892,1.0,35.58000183105469,35.58000183105469,2026-08-17,2026-08-17,West Kalimantan,Kapuas Hulu,0.7495612306337215,0.38420200985479214
0,6,3.5910291861173946,116.57469675503837,3.589342960006908,3.592715412227882,116.57110236499491,116.57829115756395,1.0,1.8300000429153442,1.8300000429153442,2026-08-17,2026-08-17,North Kalimantan,Malinau,0.3747806153168577,0.7973219344698749
1,6,3.565735794460089,116.52248323962017,3.5623633422391148,3.5691082466810626,116.52036643048719,116.52460019675766,1.0,7.170000076293945,7.170000076293945,2026-08-17,2026-08-17,North Kalimantan,Malinau,0.749561230633666,0.4695876077676992
30,6,2.0649945561265803,117.46249016461609,2.0616221039056066,2.0683670083475545,117.46055362324131,117.464426849157,1.0,0.36000001430511475,0.36000001430511475,2026-08-17,2026-08-17,East Kalimantan,Berau,0.749561230633666,0.43015207162913743
43,6,2.7614059397577484,117.51423392616363,2.759719713647261,2.763092165868235,117.51069074597785,117.51777711593496,1.0,3.5999999046325684,3.5999999046325684,2026-08-17,2026-08-17,North Kalimantan,Bulungan,0.3747806153168577,0.7865938510114456
267,6,-1.3546719959412334,112.665913735215,-1.3580444481622076,-1.3512995437202593,112.66407028272779,112.66775732265533,1.0,45.560001373291016,45.560001373291016,2026-08-17,2026-08-17,Central Kalimantan,Kotawaringin Timur,0.7495612306337154,0.4096262269816035
80,6,0.31637807955147057,115.41677060575824,0.3146918534409835,0.31806430566195765,115.41337934623542,115.42016186637719,1.0,1.9600000381469727,1.9600000381469727,2026-08-17,2026-08-17,East Kalimantan,Mahakam Hulu,0.3747806153168577,0.7537299723286303
62,6,0.7514244160571394,111.73853006871798,0.7497381899466522,0.7531106421676264,111.73511419732634,111.74194594271334,1.0,7.090000152587891,7.090000152587891,2026-08-17,2026-08-17,West Kalimantan,Sintang,0.3747806153168577,0.7591465740402467
63,6,0.7328759288417812,111.48342059809403,0.7295034766208071,0.7362483810627554,111.48165036046363,111.48519096705246,1.0,45.41999816894531,45.41999816894531,2026-08-17,2026-08-17,West Kalimantan,Sintang,0.7495612306337154,0.3934354226071838
229,6,-0.8993909461097198,110.13888898725179,-0.902763398330694,-0.8960184938887457,110.13710084723297,110.14067725764367,1.0,1.190000057220459,1.190000057220459,2026-08-17,2026-08-17,West Kalimantan,Kayong Utara,0.7495612306337154,0.39739752329294054
218,6,-1.3192612476210046,113.96808694619047,-1.3209474737314917,-1.3175750215105175,113.96463635867019,113.9715375382834,1.0,10.369999885559082,10.369999885559082,2026-08-17,2026-08-17,Central Kalimantan,Gunung Mas,0.3747806153168577,0.7667247977046261
239,6,-1.1017380793681701,109.75103264897173,-1.1051105315891445,-1.0983656271471962,109.74922194222982,109.75284348637145,1.0,1.6299999952316284,1.6299999952316284,2026-08-17,2026-08-17,West Kalimantan,Kayong Utara,0.7495612306337154,0.40238779699115684
265,6,-1.2265188115442147,112.6096382203342,-1.229891263765189,-1.2231463593232406,112.60780976380127,112.61146681128442,1.0,7.139999866485596,7.139999866485596,2026-08-17,2026-08-17,Central Kalimantan,Kotawaringin Timur,0.74956123063374,0.40631457204893007
263,6,-0.8454317105741329,112.336387756739,-0.8488041627951071,-0.8420592583531588,112.33460384008667,112.33817180610895,1.0,12.460000038146973,12.460000038146973,2026-08-17,2026-08-17,Central Kalimantan,Katingan,0.7495612306337154,0.39646489963123227
273,6,-0.10686467418078849,117.23465301422749,-0.11023712640176266,-0.1034922219598143,117.23295398268546,117.236352181529,1.0,16.010000228881836,16.010000228881836,2026-08-17,2026-08-17,East Kalimantan,Kutai Kartanegara,0.7495612306337199,0.3776411806224078
44,6,2.7023880258907,117.12863494013703,2.6990155736697257,2.705760478111674,117.12662149734342,117.13064852817912,1.0,3.180000066757202,3.180000066757202,2026-08-17,2026-08-17,North Kalimantan,Bulungan,0.7495612306337154,0.44702625021163
37,6,3.5438148550237565,116.9539040976179,3.5421286289132694,3.5455010811342436,116.95031202807218,116.95749617948053,1.0,2.8499999046325684,2.8499999046325684,2026-08-17,2026-08-17,North Kalimantan,Tana Tidung,0.3747806153168577,0.796848111335095
23,6,2.2184411321809057,117.01694521134026,2.2167549060704186,2.2201273582913927,117.01343682469832,117.02045360567769,1.0,3.259999990463257,3.259999990463257,2026-08-17,2026-08-17,East Kalimantan,Berau,0.3747806153168577,0.7791904361546014
32,6,2.0245251294748905,117.27392732227577,2.0211526772539163,2.0278975816958646,117.27199610527876,117.27585868206626,1.0,4.449999809265137,4.449999809265137,2026-08-17,2026-08-17,East Kalimantan,Berau,0.7495612306337154,0.42898022037858313
2,6,4.2486573692073595,117.06884405018432,4.246971143096872,4.250343595317847,117.06520635881864,117.07248175633737,1.0,3.190000057220459,3.190000057220459,2026-08-17,2026-08-17,North Kalimantan,Nunukan,0.3747806153168577,0.806293063717011
34,6,2.014407772811968,117.51616383683456,2.0110353205909934,2.017780225032942,117.51423334938758,117.51809446731696,1.0,7.190000057220459,7.190000057220459,2026-08-17,2026-08-17,East Kalimantan,Berau,0.7495612306337647,0.42882086868309965
164,4,-0.07145392586055964,111.6463825024903,-0.07314015197104673,-0.06976769975007255,111.64469217741684,111.64807282768751,1.0,8.239999771118164,8.239999771118164,2026-08-17,2026-08-17,West Kalimantan,Sintang,0.37478061531686074,0.375691372427961
7,4,3.53032504613986,116.53491234433756,3.528638820029373,3.532011272250347,116.5330113271693,116.53681336764072,1.0,3.759999990463257,3.759999990463257,2026-08-17,2026-08-17,North Kalimantan,Malinau,0.3747806153168577,0.42171895995016234
205,4,-0.7864137967070849,109.40717547642743,-0.788100022817572,-0.7847275705965978,109.40544489495204,109.40890605926532,1.0,1.149999976158142,1.149999976158142,2026-08-17,2026-08-17,West Kalimantan,Kubu Raya,0.3747806153168577,0.38460295968696606
97,4,1.456266930240742,117.26557921900054,1.4545807041302548,1.4579531563512291,117.26380471379521,117.2673537267299,1.0,6.659999847412109,6.659999847412109,2026-08-17,2026-08-17,East Kalimantan,Berau,0.37478061531688234,0.39427442127589307
56,4,2.329732055473053,118.00985469136063,2.328045829362566,2.3314182815835403,118.00802577492064,118.01168361184193,1.0,1.7000000476837158,1.7000000476837158,2026-08-17,2026-08-17,East Kalimantan,Berau,0.3747806153168577,0.4061594223019908
52,4,2.461257692091046,117.8524095884195,2.459571465980559,2.462943918201533,117.85057272264903,117.85424645846011,1.0,2.549999952316284,2.549999952316284,2026-08-17,2026-08-17,North Kalimantan,Bulungan,0.3747806153168577,0.4078856337607937
203,4,-0.634653446763247,114.73238305287832,-0.636339672873734,-0.6329672206527599,114.7306593204756,114.73410678638055,1.0,13.59000015258789,13.59000015258789,2026-08-17,2026-08-17,Central Kalimantan,Murung Raya,0.3747806153168577,0.38309338293222456
251,4,-0.11529580473322393,116.40168898934633,-0.116982030843711,-0.11360957862273684,116.39999586635525,116.40338211253713,1.0,3.130000114440918,3.130000114440918,2026-08-17,2026-08-17,East Kalimantan,Kutai Kartanegara,0.37478061531685924,0.37631277628575144
39,4,2.801875366409438,117.44904885172375,2.800189140298951,2.803561592519925,117.44719144296837,117.45090626534243,1.0,13.039999961853027,13.039999961853027,2026-08-17,2026-08-17,North Kalimantan,Bulungan,0.37478061531680834,0.41233468994429034
253,4,-0.327760294654597,116.13018480718559,-0.32944652076508407,-0.3260740685441099,116.1284790024182,116.13189061252076,1.0,3.5399999618530273,3.5399999618530273,2026-08-17,2026-08-17,East Kalimantan,Kutai Barat,0.3747806153168577,0.3791260273381158
22,4,2.228558488843828,117.5256857280398,2.226872262733341,2.230244714954315,117.52386362709757,117.52750783284739,1.0,4.03000020980835,4.03000020980835,2026-08-17,2026-08-17,East Kalimantan,Berau,0.3747806153168577,0.4046742812636654
330,3,-1.884146994634179,110.61511138483799,-1.887519446855153,-1.880774542413205,110.6148972651702,110.61532563252598,1.0,1.4500000476837158,1.4500000476837158,2026-08-17,2026-08-17,West Kalimantan,Ketapang,0.7495612306336907,0.0475787269560311
